left_eyebrows_coords_center_x,left_eyebrows_coords_center_y,right_eyebrows_coords_center_y,right_eyebrows_coords_center_x,left_eye_coords_center_x,left_eye_coords_center_y,right_eye_coords_center_x,right_eye_coords_center_y,nose_coords_center_x,nose_coords_center_y,mouth_coords_center_x,mouth_coords_center_y,jawline_coords_center_x,jawline_coords_center_y,eye_distance,eye_nose_distance,eye_mouth_distance,eye_eyebrow_distance,nose_mouth_distance,jawline_distance,nose_width,mouth_width,avg_symmetry_score,eye_to_nose_ratio,eye_to_mouth_ratio,nose_to_mouth_ratio,facial_emotional_class
11.49,19.83,54.52,15.11,8.19,23.23,52.61,12.94,26.35542169,25.69832402,35.55240793,37.5,22.96535052,37.25490196,76.99479309,57.16255896,72.80048464,63.87461199,50.77740959,69.77256148,65.2989884,40.06936735,73.60296131,49.57331899,48.50245895,40.3823004,surprise
25.92,20.66,80.85,26.37,21.22,24.49,76.78,25.63,45.93373494,29.05027933,45.75070822,47.59615385,37.71152297,56.56862745,84.55387196,68.51099758,58.6716319,66.59535217,64.41641813,92.12709168,69.00065161,72.50336125,91.01071376,52.48473175,12.98048204,16.53949106,surprise
11.25,18.73,63.56,12.09,8.40,25.25,61.61,18.53,34.18674699,26.62942272,41.00566572,56.63461538,31.26510878,49.21568627,86.41289839,63.36592061,90.90287973,66.23824307,94.99156504,90.4715061,73.71530404,67.13212441,85.26675434,49.80358126,19.27238875,21.81423945,surprise
21.76,23.69,76.86,30.77,16.60,28.54,69.19,28.93,36.44578313,37.05772812,38.101983,58.75,32.23207091,48.92156863,82.81624672,53.99743108,68.3054155,69.7368319,68.57617614,92.1232945,72.09915853,49.40858194,89.42779146,48.32883682,38.21463154,34.70567651,surprise
17.36,17.36,73.67,12.91,14.92,22.47,71.33,15.99,36.74698795,38.54748603,39.73087819,45.67307692,32.47381144,35,87.4314724,71.57944644,65.99925439,58.15497363,36.76083858,87.43639495,82.73478105,41.63520734,90.59625679,43.30812835,55.34095026,49.64631701,surprise
9.54,21.76,65.96,12.64,9.66,29.04,64.45,17.26,30.12048193,32.96089385,42.1388102,61.92307692,35.69701853,48.62745098,88.07387047,59.094263,96.59357179,74.87302339,87.68790682,89.36586019,69.27817066,64.04025896,86.30398666,55.11621264,23.64325159,21.71709063,surprise
10.76,25.90,60.90,14.01,15.97,31.57,59.48,19.29,36.29518072,44.69273743,50.63739377,57.59615385,45.44721998,40.19607843,70.70371316,74.34811643,96.26309999,79.10389456,45.72321472,96.78948672,78.02631483,50.51303999,91.65212367,34.18822233,26.66766485,36.99864668,surprise
10.02,23.14,64.63,21.15,5.67,25.00,59.95,19.04,16.71686747,30.54003724,25.21246459,48.26923077,26.34971797,55.29411765,87.11464311,42.22033573,65.93960626,65.02034619,57.2956827,82.20701032,59.9293735,53.14533159,86.16076998,63.69920679,36.33102729,24.72582658,surprise
12.71,21.76,77.93,20.60,9.03,27.53,71.56,23.35,32.98192771,38.54748603,36.33144476,56.34615385,29.73408541,53.23529412,98.7018775,64.39796402,70.49590932,59.34684494,58.87314399,100,77.04059376,63.22650544,100,56.49566385,32.02094094,25.99435772,surprise
15.89,4.13,63.30,4.40,13.87,12.63,55.92,10.91,27.56024096,32.2160149,27.6203966,45.96153846,21.83722804,22.74509804,69.7716962,70.69691702,72.97302342,63.45773588,51.5059645,94.98412926,76.41940427,40.90283804,90.174506,34.62864944,40.22393955,46.54454912,surprise
14.91,14.05,72.87,19.78,13.03,24.49,68.48,26.65,29.36746988,37.05772812,33.28611898,60.28846154,29.97582595,44.21568627,87.80202398,54.74402339,71.38087543,77.83290721,68.33719139,86.85057661,71.8956955,40.53367613,91.83389512,52.50559235,57.81997097,44.09258783,surprise
5.87,4.13,57.71,1.10,3.99,14.14,54.74,7.36,21.08433735,20.29795158,30.80736544,30.38461538,22.24012893,27.15686275,81.27319632,58.59154258,70.43066694,88.12689868,45.22422393,75.44079871,68.58320654,60.99605978,78.15639103,50.16404274,22.15458018,23.4302146,surprise
22.25,16.80,79.52,20.60,20.59,33.08,75.83,28.93,45.48192771,41.89944134,51.34560907,65.09615385,43.2715552,60.09803922,87.4314724,69.65670297,80.56419813,91.6377582,67.55670174,89.77262841,74.6487675,54.87355016,95.4832171,49.80685631,34.22095149,31.2251165,surprise
11.49,19.83,54.52,15.11,8.19,23.23,52.61,12.94,26.35542169,25.69832402,35.55240793,37.5,22.96535052,37.25490196,76.99479309,57.16255896,72.80048464,63.87461199,50.77740959,69.77256148,65.2989884,40.06936735,73.60296131,49.57331899,48.50245895,40.3823004,surprise
19.07,20.94,63.83,27.20,11.13,20.20,59.00,21.07,26.35542169,31.65735568,31.86968839,40.28846154,22.48186946,36.56862745,76.93585792,56.66733118,59.5948976,51.57165784,37.88494603,71.57066785,68.30412603,63.55840588,74.05288112,46.83291846,16.35377715,21.56568258,surprise
39.25,45.5,131.75,40,41.8,67.4,126,59.4,85,103.5,95.35294118,138.4117647,91,135.5625,74.46475676,45.40099118,64.8918784,14.08012784,26.41412278,150.5830336,71.06335202,42.42640687,61.45932679,1.047864401,1.755151149,1.67497927,surprise
42.25,52.75,156.25,51.5,44.2,69,145.8,67.2,93,113.75,97.70588235,150.5294118,100.1875,140.25,87.96590248,50.42320894,64.77959705,12.74754878,28.2397668,173.3529636,82.21921916,52,68.64759438,1.069894647,1.691651971,1.58113883,surprise
44.5,50.5,142.75,42.25,47.8,72,136.8,66,92.875,113,103,144.4705882,102.625,140,77.1038261,50.20209159,64.00827828,11.04536102,22.55941789,170.4413389,75.00666637,69.85699679,68.43630499,1.027959645,1.10373806,1.073717306,surprise
44,43.5,136,45.25,45.2,61.8,125.6,64.2,78,102.5,82.52941176,148.0588235,88.375,143.3125,68.8839604,40.73389252,66.91613431,13.12440475,35.48307262,165.4116078,66.21933252,40.31128874,64.2117756,1.040239425,1.708800749,1.642699467,surprise
44.5,43.75,145,43.25,48.4,71.6,133.6,71.4,89.375,107,91.11764706,145.5882353,96.125,144.6875,73.68174808,41.46383967,57.63596082,15.7876534,28.43373891,167.052387,69.42621983,34.20526275,68.09169759,1.061295693,2.154105601,2.029694095,surprise
37.75,44.75,133,40.25,40.8,66.4,124.2,61.6,83.875,98.25,89.64705882,130.1176471,86.375,133.25,72.99315036,43.61765698,54.78345228,12.5,23.72929803,150.4792344,64.81512169,47.85394446,58.67116866,1.126174702,1.525331949,1.354436346,surprise
82.75,43,125.5,48.75,82.6,53.4,121.8,61.2,102.25,91.875,104.8235294,113.1176471,101.75,109.75,34.23448554,41.48493703,43.75181657,3.16227766,14.72246124,115.1705257,50.99019514,34.0147027,42.20769646,0.671393499,1.006461407,1.499063378,surprise
49.75,46.5,153,51,50.6,64.6,141,65,94.75,108.5,98.11764706,147.2941176,98.1875,143.5,77.78174593,49.05609035,64.25006564,14.70544117,28.89912057,172.1808642,79.906195,33.01514804,70.37335198,0.973413212,2.355941153,2.42028886,surprise
51.5,47.75,127.5,49.25,53.8,65.4,121,67.4,77.625,115.5,82.64705882,137.7058824,101.875,118.6875,57.42821606,43.41082814,54.09745467,10.59481005,14.11004697,136.6720527,67.08203932,27.01851217,56.78499302,0.8560893,2.125513637,2.482817666,surprise
42.25,42.25,150.25,46.5,43.6,68.6,139.6,70.2,84.875,108,90.88235294,148.3529412,91.0625,145.0625,83.21658489,42.29952718,60.02088016,13.86542462,30.78134743,170.9458979,72.18032973,73.8241153,68.43126324,1.152898375,1.127227662,0.977733759,surprise
26.65,22.59,76.06,32.97,18.70,23.23,68.25,28.68,34.63855422,35.19553073,28.61189802,46.25,15.06849315,41.37254902,79.87382213,48.76827291,40.64946422,56.27512795,47.27130796,74.12194539,67.12268513,42.98775339,80.28191859,50.32495023,45.95510213,38.25856898,sadness
14.91,22.87,54.52,17.03,10.92,23.74,54.50,18.02,25.15060241,26.0707635,31.6572238,46.05769231,31.10394843,44.31372549,74.13525866,57.07127962,70.86114995,40.31893618,69.75224371,77.56260672,55.13393884,58.56163076,72.17779694,57.12119599,19.62568764,18.33513818,sadness
1.47,30.58,60.64,5.77,7.98,34.09,58.06,10.66,23.64457831,24.02234637,41.35977337,47.40384615,54.06929895,58.1372549,83.48025998,46.28902788,82.21123665,84.26828556,80.82902358,86.34362519,49.22931397,61.88651459,86.82355948,72.93086824,22.75629397,13.34930441,sadness
18.09,32.51,61.97,17.31,14.92,29.80,64.93,13.20,43.6746988,45.43761639,51.20396601,43.55769231,45.52780016,38.43137255,82.09228966,96.84763276,80.05372885,38.58675899,15.13582177,87.19917991,81.82492097,52.10924465,90.83358157,40.02628564,33.75854974,37.57890126,sadness
36.43,18.46,65.43,37.36,27.73,12.88,58.29,29.70,32.53012048,34.82309125,22.30878187,36.82692308,4.915390814,26.66666667,55.34484955,44.78887324,27.50969566,37.51675197,33.81947948,67.12399608,61.99635485,12.5117822,70.19475377,33.84655665,100,91.20787853,sadness
18.34,21.21,57.45,17.58,13.45,23.99,55.21,18.78,17.77108434,22.34636872,21.95467422,42.98076923,27.71958098,39.41176471,70.40622929,29.06656495,52.12001053,44.93794133,74.3248637,70.17794925,40.83815064,48.15498842,72.8277744,70.75029354,29.61491733,17.827034,sadness
16.63,18.18,59.57,18.13,11.97,21.72,54.03,16.50,26.35542169,27.56052142,29.95750708,37.88461538,21.83722804,37.84313725,71.59192668,54.12217951,59.62139595,62.757589,45.04400549,64.78798935,59.9293735,30.25718213,73.15456414,49.94565806,63.71689323,49.68831394,sadness
20.54,23.42,52.66,22.53,15.55,18.43,50.00,15.99,17.46987952,26.81564246,24.36260623,38.07692308,25.06043513,41.47058824,59.99156883,47.01110094,57.98792953,40.31893618,40.63932321,59.55218857,49.68266257,33.15275574,62.84348424,49.50714858,44.77339137,38.07461586,sadness
31.78,18.18,87.77,29.95,25.00,29.29,77.73,37.06,44.87951807,33.89199255,35.19830028,47.30769231,18.61402095,43.7254902,84.95433317,45.78838204,24.00696724,55.86155334,57.61021808,80.58603856,64.91656431,46.6937886,84.53066124,56.68510525,44.23919703,33.13583654,sadness
34.23,23.69,46.01,6.59,26.68,26.26,45.73,9.64,43.52409639,38.17504655,51.20396601,52.78846154,36.58340048,24.21568627,41.79063558,85.34583241,100,40.59051265,60.93200231,79.80513529,62.69355711,53.56534613,73.03797586,21.55749379,0,25.89214719,sadness
0.00,19.56,64.63,13.46,0.63,25.51,56.16,20.30,18.6746988,38.17504655,25.77903683,44.51923077,33.27961322,34.21568627,88.84308745,62.6757991,67.29388519,77.83290721,32.15798496,93.37957984,74.31615994,55.08701989,93.21410851,51.20335707,35.0289552,30.86961538,sadness
19.56,21.49,64.10,21.98,12.82,20.71,59.95,18.53,34.93975904,29.60893855,38.101983,41.92307692,26.26913779,47.74509804,80.10423073,70.75867069,67.62907496,31.25470923,47.11605158,82.52822776,72.09915853,46.14899599,85.17305304,46.15561396,40.91607718,37.9331551,sadness
10.27,11.29,60.11,17.58,6.51,8.08,56.40,15.99,14.60843373,14.7113594,16.57223796,19.03846154,21.59548751,10.88235294,83.19929167,38.05872273,28.73992408,34.84323008,35.8090818,68.86532151,59.01409495,27.98556679,73.75102576,61.2019879,82.87093027,52.57524402,sadness
28.36,26.72,74.20,28.57,26.05,26.26,68.72,23.86,49.09638554,36.68528864,53.25779037,41.82692308,41.82111201,53.82352941,68.42970667,76.28761187,64.0977317,55.23622829,30.28161832,87.52526773,70.83923813,47.90509042,88.39499334,37.77860884,28.28812788,35.42808103,sadness
13.69,16.80,56.65,17.31,6.93,11.11,54.27,9.64,24.69879518,29.98137803,27.26628895,38.07692308,20.38678485,25.88235294,77.60615073,74.56862634,72.63441573,36.642838,38.50579853,79.0500592,78.15575632,40.58917892,79.27079784,39.37573129,48.12529249,48.05260178,sadness
21.03,18.46,69.41,22.80,9.87,22.47,64.93,26.40,23.19277108,36.68528864,20.4674221,46.15384615,12.65108783,37.64705882,90.3157387,47.84373526,41.65126251,26.85298903,42.87419269,75.88473086,70.97605221,57.56233181,81.01895991,55.36549735,32.90653519,27.14409091,sadness
28.36,23.14,84.04,30.22,28.36,26.77,75.59,27.66,42.92168675,32.96089385,42.28045326,57.5,39.24254633,61.66666667,73.65242708,53.48932578,58.40430989,84.88048476,76.42098301,80.93950374,56.31345074,41.63520734,85.66475077,55.42960975,42.58429411,32.90802281,sadness
15.89,15.43,65.69,21.43,10.92,26.77,58.53,28.43,22.89156627,35.38175047,24.15014164,51.53846154,21.91780822,50.88235294,78.5062376,43.24287849,57.15063495,70.41814497,50.40737693,75.88473086,63.50784074,40.99481546,80.1680474,52.54129321,48.23028634,38.17389268,sadness
50,49.25,150.5,50.5,52,68.8,138.6,71,90.5,106.5,93.17647059,142.5882353,94.75,135.125,75.10659092,39.13118961,53.42650904,10.81665383,27.02222589,165.0242406,69.3108938,44.94441011,65.34456218,1.083618848,1.671099715,1.542147147,sadness
42.25,52.25,150.25,43,48,69,142,62.8,97.625,112.375,108.4117647,146,110.375,131.1875,80.89499366,54.79507277,68.92723459,10.77032961,25.05039903,176.8629413,81.56592426,52.39274759,69.85709298,0.991774376,1.544011288,1.556817079,sadness
45.25,51.5,150.75,49.75,48,75.6,141.4,73.8,88.5,120.5,95.76470588,154.9411765,101.75,149.4375,78.77182237,47.05581792,63.60320469,14.98332406,24.31291112,164.0624881,75.69015788,57.87054518,66.77969537,1.040714204,1.361172979,1.307921977,sadness
42.25,45,149.75,49.5,45.4,69.4,138,69.2,86.125,109.625,91.17647059,147.0588235,93.875,141,80.50465825,42.99127819,58.87965705,16.1245155,27.67839276,163.8780034,72.12489168,46.87216658,67.53330217,1.116184113,1.717536528,1.538757368,sadness
52.75,58.25,141.5,57.25,53.8,68.8,131.4,69.8,90,111,95.29411765,135.4117647,94.125,132,67.0298441,45.21338297,51.34061741,7.158910532,16.43409823,161.0124219,68.01470429,58.46366393,62.83647417,0.985519893,1.146521439,1.163367119,sadness
68,43.5,138.5,50,61.8,64.6,129.8,68.6,97.75,103,90.05882353,138.5882353,81.0625,132.0625,59.07622195,42.73757129,51.3428162,6.946221995,27.78588425,140.3219512,65.8559033,30.08321791,57.71004462,0.897052792,1.963760065,2.189124298,sadness
38,53.5,136.5,42.75,46.6,75,129.4,67.2,74.875,112.375,89.52941176,147.3529412,109.3125,143.5,72.56721023,37.80211634,62.28534071,15.20690633,26.58823529,157.2839788,60.30754513,46.57252409,61.9059391,1.203285759,1.558154978,1.294916827,sadness
12.22,15.43,66.49,18.96,9.87,20.20,59.48,20.30,24.39759036,34.26443203,26.48725212,49.90384615,17.00241741,41.47058824,80.62120496,60.52402258,67.27512012,66.23824307,52.04847617,79.49746987,68.35068322,50.52916466,80.0039285,49.835038,34.77509741,31.55642877,neutrality
15.40,19.28,70.48,23.90,8.82,27.02,64.22,25.13,28.31325301,22.90502793,27.97450425,44.03846154,22.15954875,50.78431373,87.80202398,48.57252305,50.03774342,64.24318689,72.48535795,80.46263737,58.74943414,61.49186282,84.23366874,65.60629825,26.29706618,18.25526769,neutrality
22.74,18.18,77.93,19.78,16.18,17.42,72.75,17.26,42.1686747,25.1396648,38.8101983,38.26923077,21.03142627,33.1372549,89.3392451,68.99127451,54.65949748,40.31893618,53.48468557,88.3820569,82.2439954,43.5746649,88.90669959,45.09670635,53.46929264,46.94310718,neutrality
13.69,26.17,64.36,17.86,12.82,33.08,63.51,23.86,34.18674699,23.64990689,44.12181303,42.69230769,38.43674456,57.74509804,82.26231297,44.81417953,61.978654,69.04960046,63.96554309,82.99371856,61.99635485,52.75445758,86.53470918,57.27557111,33.01187748,26.15885856,neutrality
22.25,18.46,85.64,22.25,17.23,18.18,80.33,19.80,40.21084337,39.10614525,38.73937677,50.96153846,29.89524577,41.76470588,96.3184771,74.49516089,62.56772466,53.1607554,44.81935457,96.54282795,86.30557967,57.98993999,94.87879349,47.08120754,36.85041307,34.66087927,neutrality
13.94,16.53,69.15,17.31,10.08,15.15,65.40,12.44,29.06626506,38.91992551,32.64872521,50.48076923,28.60596293,40.88235294,86.544743,80.63594346,80.50296912,51.57165784,45.36024295,93.56350413,84.21739877,55.16312471,93.85410507,41.54951665,33.14920913,36.04617576,neutrality
40.10,26.17,68.35,26.92,36.97,26.77,62.56,22.08,34.63855422,37.4301676,34.84419263,45,37.14746172,37.94117647,46.46650534,34.41706974,41.07680124,49.07817947,39.16998318,61.36740323,45.75722239,30.12605728,61.78548274,40.14016901,36.09018081,39.10252958,neutrality
15.65,27.00,76.60,14.01,14.71,33.33,73.70,19.80,46.53614458,41.52700186,52.12464589,52.11538462,42.94923449,40.09803922,90.61486893,80.27684057,79.38076511,59.49437864,43.00903806,91.30426615,87.32811222,51.49058504,94.40703255,42.22326354,41.51779423,41.2211572,neutrality
28.12,10.47,51.60,20.05,22.90,10.10,50.47,18.78,17.1686747,15.45623836,16.00566572,25.96153846,25.62449637,20.19607843,48.15896245,18.05582968,29.92761552,40.86062111,43.57400476,50.75639698,42.80899736,26.74410606,51.75297507,44.94552036,45.09835986,41.55125995,neutrality
12.71,27.55,47.34,13.19,10.71,26.01,48.58,6.60,32.07831325,32.77467412,45.89235127,39.80769231,40.7735697,34.80392157,67.61992632,86.533252,90.7386986,40.31893618,40.23278803,77.74761925,66.19057455,45.78926061,81.06224657,40.88282122,30.59174461,34.77743485,neutrality
11.74,20.94,67.82,20.05,9.03,27.27,59.24,23.60,22.43975904,23.09124767,26.41643059,40.48076923,27.15551974,57.05882353,81.07907283,34.82496901,49.00578767,65.1566508,59.01701566,83.87156467,56.04236561,47.4195756,88.63275102,62.52356283,39.76465454,27.25967786,neutrality
35.25,50.5,142.75,43.5,38.2,69,135,64,81.25,110.25,89.64705882,143.2352941,101,138.75,84.01190392,43.41658669,60.75266096,11.62970335,24.27302888,166.1941636,75.07329752,53.60037313,67.38517118,1.119065056,1.567375356,1.400611472,neutrality
43.75,37.75,145.25,39.25,42.4,63.6,133.4,58.4,84.25,101.25,88.52941176,136.6470588,88.8125,137.9375,79.62411695,45.27692569,57.97102844,14.84082208,26.71294283,157.5349168,67.89698079,46.01086828,65.29324138,1.172719553,1.730550192,1.475672669,neutrality
105.75,52.25,179,69.5,92.4,71.8,163.2,85,133.625,120,115.3529412,153.4117647,85.25,143.0625,63.07138812,53.60037313,46.64004843,8.514693183,31.15898511,153.5610628,77.46612163,34,62.18233635,0.814180274,1.855040827,2.278415342,neutrality
46.75,52,130.25,48.75,49.2,66.6,122.8,64.2,76.875,105,84.11764706,141.2352941,99.25,134.3125,62.64982043,37.87149324,59.15454658,9.924716621,26.30273579,151.5387739,60.80296045,44.64302857,59.55336839,1.030374507,1.403350589,1.361981084,neutrality
39,52,135.75,42.25,44.2,71.4,129.2,62,89.25,105.25,100.4705882,143.0588235,102.75,138.25,73.97972695,47.43680006,67.33938343,13.28533026,29.06364571,158.5883035,69.4046108,49.81967483,63.02580294,1.065919484,1.484950016,1.393116495,neutrality
51.25,47.5,157.25,50.75,49.2,68.2,144.2,70.6,92.5,111.25,93.17647059,147.4705882,93.625,142,81.39410298,44.84696199,57.36238987,12.3794184,26.64504602,170.6963679,77.07788269,49.64876635,69.09373882,1.055998169,1.639398297,1.5524632,neutrality
42.75,44,139,31.5,46,69.2,137.4,57.4,100,108.25,112,146.4705882,108.5625,139.9375,79.12016178,56.93856338,76.17656144,15.03329638,28.48814481,172.5297076,84.62860037,52.46903849,69.91130385,0.934910437,1.507939998,1.612924551,neutrality
42.5,47,143,39,46.8,67.2,135.6,59.6,92.25,104,103.1176471,138.2352941,102.875,137.4375,77.1038261,47.8565565,64.29364001,12.17579566,25.26003175,166.1452678,74.81310046,47.38143096,67.42304164,1.030619312,1.627300496,1.578954011,neutrality
40.75,43.25,150.75,39,42.4,58.8,141.6,55.8,91.625,109.125,95.11764706,135.2941176,95.8125,131.75,85,55.13846208,60.83872407,10.60660172,18.61325569,171.5116614,86.97700846,47.07440918,69.73008215,0.977269758,1.805651977,1.847649497,neutrality
49.75,44.75,148.5,47,50.6,68.4,138.4,68.2,92.125,108.25,97.23529412,148.5294118,98.5625,148.25,76.4198927,46.33033563,62.55877513,12.74754878,30.08684086,167.5902742,72.13875519,51.41984053,67.83929519,1.059345874,1.486194666,1.40293619,neutrality
39.5,48,148.25,47.25,45.4,68.4,136.4,66.4,81.75,104.5,89.82352941,142.4705882,97.0625,146.3125,78.77182237,38.55191305,57.3372603,16.10124219,27.55667328,164.1356147,65.7951366,55.31726674,67.08309042,1.197228647,1.424000624,1.189414092,neutrality
53.25,44.5,147,47.25,54.8,67.2,137.6,68.6,95.25,104.875,97.41176471,141,94.25,145.75,72.1734023,46.1546314,55.55184772,12.34908904,27.38170531,159.0675957,66.48308055,52.92447449,64.4785116,1.085590525,1.363705601,1.256187826,neutrality
48.5,42.5,148.5,40,50.6,70.8,138.4,68.2,91.875,110.75,95.76470588,146.4117647,98.5625,140.3125,75.13321503,44.81350243,60.17184877,15.20690633,25.94544449,172.8764009,73.59347797,45.54119015,69.70789504,1.020922194,1.649785936,1.615976169,neutrality
44.25,53,145.25,50.5,45.6,70.4,135.8,67.4,89,115.25,96,144.7647059,95.9375,136,77.92945528,48.02343178,61.37837863,11.33578405,20.98030053,158.196871,77.78174593,51.41984053,64.89343046,1.001899023,1.515552255,1.512679641,neutrality
26.89,17.63,73.94,22.25,20.38,18.94,71.80,19.04,38.70481928,21.22905028,39.23512748,25.19230769,30.8622079,35.19607843,85.13194512,61.05610592,33.85478063,35.07216561,37.41357953,73.6486139,58.86293538,56.2062649,75.67432871,63.0923891,30.7108251,21.87098875,happiness
11.25,26.17,59.84,5.22,11.55,28.03,62.09,4.82,28.61445783,21.60148976,43.20113314,36.25,42.46575342,34.60784314,83.48025998,53.45798846,71.99754221,58.70383806,64.25857409,77.22177343,56.7638009,69.64824789,79.43873883,63.91499762,14.88225679,12.63695443,happiness
11.49,0.28,69.95,8.52,6.72,0.00,63.03,5.84,15.06024096,23.09124767,15.79320113,31.53846154,21.59548751,32.64705882,90.60419638,56.66733118,53.89431643,57.24707953,39.04215691,92.48973231,78.44654134,60.08215042,91.97708579,49.0783235,29.98638429,28.99731959,happiness
33.99,16.25,71.28,28.30,23.74,15.40,63.27,25.63,27.10843373,29.23649907,18.69688385,41.53846154,12.65108783,42.54901961,67.41663523,42.14261522,31.46176806,34.84323008,55.26461022,74.68391516,50.66504909,47.01536252,76.12197226,55.63569729,28.66337832,24.4555168,happiness
14.43,27.82,62.77,16.48,12.82,34.09,62.09,18.02,40.06024096,31.84357542,53.61189802,41.63461538,42.5463336,43.03921569,82.26231297,72.00843064,78.46149063,55.70578534,48.97953885,92.08379908,71.78251963,74.39499375,91.16649078,48.15659023,9.89740101,16.7200588,happiness
31.05,20.66,82.71,20.33,25.00,22.47,81.75,21.32,51.05421687,33.89199255,50.84985836,36.05769231,33.84367446,37.35294118,88.99427459,79.39463833,48.78925841,35.07216561,28.87589416,82.12982766,75.76233777,80.06789816,84.53828759,50.08153213,9.37928517,15.45131191,happiness
17.60,33.33,60.11,20.33,16.18,33.33,59.00,21.32,35.9939759,34.63687151,49.78753541,43.36538462,46.57534247,50.78431373,74.41206279,64.02360736,71.92600716,37.51675197,45.08234609,89.66794404,56.82798887,65.0371512,87.41181909,55.58632151,13.1387638,15.19082229,happiness
20.54,21.49,54.26,33.52,13.24,16.67,45.73,23.86,22.74096386,25.1396648,14.66005666,31.25,3.464947623,33.03921569,60.39725174,44.46783497,35.00374348,41.86084815,41.802345,67.27213133,53.13513214,49.04782414,63.26482919,46.365895,20.020006,24.20597886,happiness
27.38,25.34,70.21,31.04,22.27,23.99,64.45,24.62,40.51204819,29.79515829,40.65155807,34.71153846,31.18452861,42.64705882,71.11159569,65.40776945,43.04489855,42.25551408,34.08059485,75.51361614,57.5061341,61.19471538,75.72162508,51.89736671,14.61332935,17.83088589,happiness
17.11,19.01,65.69,32.69,11.55,23.74,55.92,34.52,10.09036145,31.47113594,12.39376771,45.19230769,21.83722804,44.60784314,70.92636003,23.56010478,37.01675799,64.197216,49.25495245,82.58036831,48.28887958,74.82559077,78.99418487,61.77426711,2.46237906,6.45650468,happiness
10.51,34.44,56.91,15.93,10.29,30.05,58.29,10.91,39.60843373,43.38919926,55.31161473,42.88461538,46.17244158,40.19607843,80.39168471,99.20466007,97.57031599,35.14821588,19.45590103,90.64694588,82.2439954,74.97280556,87.39629982,38.45592069,8.248902511,20.87277922,happiness
13.20,23.97,72.07,29.95,8.40,27.02,63.27,26.40,25.45180723,29.60893855,29.17847025,43.94230769,19.58098308,54.01960784,89.15608324,43.79746877,49.81619494,66.05905459,51.72995972,81.56355209,62.52269695,64.6560631,82.91955345,62.72006512,23.72889119,18.11264175,happiness
16.87,6.34,63.56,10.16,11.34,13.64,58.53,17.51,21.08433735,20.11173184,23.93767705,34.42307692,25.62449637,38.7254902,78.68086695,40.97016956,50.08898597,60.66346185,52.08782702,87.56968721,62.40050201,49.99526798,87.14602595,53.76235009,33.93686657,28.67648119,happiness
19.32,17.36,75.80,21.98,13.45,26.26,72.04,26.65,29.51807229,30.3538175,30.31161473,36.15384615,26.83319903,46.2745098,92.64957738,40.48011106,29.58456681,56.42954835,34.31559965,83.87474864,64.91656431,45.54844635,89.4750602,63.22024062,52.86612285,34.25450594,happiness
50.75,54,145.75,27.75,58.8,78.6,142.4,56.4,123.375,105.625,134.3529412,139.1176471,118.6875,144.6875,75.3923073,67.05221846,77.55466874,16.76305461,26.16952981,174.0114939,84.17244205,57.03507693,70.7634735,0.895688725,1.321858606,1.475801324,happiness
50.75,41.25,138.75,51.75,48.4,60.8,128.6,69.8,75.375,107.25,74.76470588,134.8235294,84.875,128.4375,70.00714249,36.41771547,46.82427763,10.25914226,19.63410986,145.8303809,64.66065264,41.14608122,57.80856316,1.082685368,1.701429162,1.571489938,happiness
23.25,45,121.75,37,27.4,68.4,115.2,60.4,61.75,104.625,75.76470588,137.4705882,89.6875,136.8125,76.4852927,40.92065493,62.32137103,14.43086969,23.53683706,157.1281324,62.93647591,69.64194139,63.8440442,1.215277653,1.098264798,0.903715127,happiness
41.25,40.75,142.75,44.5,41.2,65.4,132.8,67.8,82.25,101.5,85.76470588,134.1176471,85.9375,129.875,80.15609771,40.5123438,50.35604203,11.23610253,25.17956276,154.9451516,67.26812024,61.03277808,63.11364348,1.191591164,1.313328677,1.102163827,happiness
32.75,55.75,123,36.5,39.4,75.4,122.6,58.2,83.25,105.125,104.5294118,134.7647059,109.125,132.4375,72.80109889,45.10543205,67.4847285,12.74754878,25.24900217,161.9822521,67.11929678,69.23149572,62.92592289,1.084652289,1.051560394,0.96949078,happiness
48,35,135.75,39,50,56.2,124.4,56.8,89.25,96.75,85.29411765,130.5882353,78.4375,124.5,64.38167441,47.18315377,54.61017086,12.52996409,27.67708007,150.283898,68.62215386,49.39635614,58.65332998,0.938205387,1.303368901,1.389214898,happiness
37.5,57.75,133,43,42.2,76.8,131.2,62.6,91.625,114.125,110.1764706,142,109,139.125,79.07591289,52.84174486,70.50105523,12,21.62858867,166.3685667,75,73.55270219,67.13509787,1.054345505,1.07509188,1.019677017,happiness
46.75,47.25,145.5,42.5,49.4,68.6,137.2,63.2,94.5,104,103.1764706,137.8235294,101.875,135.6875,75.95393341,46.81078935,60.49857015,12.02081528,25.88783364,165.6049516,69.8140387,65.2533524,64.96030032,1.087946419,1.163985153,1.069891985,happiness
42,37.75,136,37.5,41,59,127.6,60.2,80.875,101.375,81.11764706,132.1176471,81.1875,128.625,76.32168761,43.68352092,53.42819293,9.823441352,22.54077428,152.0855023,72.18032973,51.92301994,61.99763992,1.057375159,1.469900782,1.390141209,happiness
48.25,40,146,38.5,48.8,64.4,138.2,62.6,91.875,106.875,97,141.4705882,98,141.5625,77.78174593,48.37354649,60.97866778,11.7686023,24.97618243,171.0920805,74.27651042,65.55150647,67.61979723,1.04719171,1.186574499,1.133101502,happiness
41.5,48.5,151.25,48.75,45.8,74.4,139.4,73.2,92.25,110.625,99,142.6470588,97.9375,142.75,80.62257748,44.5028089,56.64991441,15.33786165,23.98298128,169.0480701,74.02702209,61.18823416,68.99381159,1.089096592,1.317615692,1.209824456,happiness
28.85,21.76,77.39,25.00,20.38,26.52,74.88,24.87,41.41566265,30.91247672,41.99716714,51.92307692,32.79613215,49.50980392,84.80985574,54.74402339,60.16750765,50.50766604,68.36289298,87.20776897,69.00065161,52.2355523,84.98026815,52.69497647,35.7641641,30.42109406,fear
20.78,30.30,65.96,39.56,16.18,26.52,60.43,36.04,6.325301205,48.97579143,12.88951841,49.80769231,32.07091056,38.43137255,74.53222604,27.54552188,34.50804755,49.94000533,11.89280121,71.11036667,58.15485918,30.97306975,74.83696977,54.3291912,65.22330921,47.2781961,fear
20.78,15.70,51.06,7.69,19.54,17.17,48.58,7.11,22.28915663,25.32588454,26.13314448,23.07692308,26.34971797,12.45098039,53.59350872,48.00790585,45.88674258,58.30510534,19.95093657,50.31865385,49.27060876,29.92880393,56.17285062,43.69604062,44.4304854,42.05198782,fear
19.80,13.77,77.93,25.00,14.29,23.48,72.99,27.41,33.73493976,33.70577281,35.33994334,44.61538462,27.80016116,41.56862745,92.35461461,52.19780896,46.96266704,65.11124364,41.88502396,88.14844844,74.38274974,57.04335638,91.76145131,53.90998456,35.11624581,29.30730416,fear
18.34,23.69,72.07,32.97,11.76,31.06,61.85,36.04,25.15060241,37.05772812,22.16713881,55.09615385,18.77518131,55.98039216,79.97755515,38.74722801,49.93432998,64.28912909,58.37585815,77.04528919,57.5061341,40.53367613,81.70042497,59.92172653,50.45795375,34.82795279,fear
28.61,17.08,56.91,27.20,22.90,17.93,52.37,26.40,24.24698795,35.00931099,26.41643059,50.28846154,30.37872683,47.94117647,55.24593531,48.66228243,57.56459313,32.64640191,53.04465704,80.34808544,54.82075173,45.53121475,68.69170222,39.94408211,20.12771258,28.21920871,fear
28.61,21.49,86.97,18.41,25.00,29.29,84.83,24.11,58.88554217,41.52700186,58.64022663,56.73076923,38.67848509,47.05882353,91.5615849,87.71162993,74.68540788,63.17848786,54.09437047,95.10967317,92.04186264,43.5746649,96.8809041,39.57291807,55.47021488,52.97967515,fear
19.07,20.94,63.83,27.20,11.13,20.20,59.00,21.07,26.35542169,31.65735568,31.86968839,40.28846154,22.48186946,36.56862745,76.93585792,56.66733118,59.5948976,51.57165784,37.88494603,71.57066785,68.30412603,63.55840588,74.05288112,46.83291846,16.35377715,21.56568258,fear
21.76,24.79,79.79,29.67,14.71,24.24,75.36,24.87,34.93975904,37.61638734,34.63172805,51.53846154,27.88074134,39.50980392,93.02794391,56.12413633,55.69244297,53.59207047,52.27587819,85.10016421,75.63052851,47.98848226,89.27714031,53.33856249,49.01719423,38.12499582,fear
16.63,11.85,45.48,15.11,12.82,7.07,45.26,11.68,20.63253012,14.89757914,24.15014164,16.34615385,18.61402095,17.84313725,58.97097082,46.6879741,44.24416285,36.0508902,26.81223772,56.24054256,54.23111031,28.5959066,57.28552696,43.9605875,53.44577121,47.84362415,fear
23.23,13.50,67.55,9.89,15.97,23.99,63.51,19.54,37.19879518,18.43575419,39.09348442,47.59615385,34.81063658,45.29411765,76.14354565,58.97439095,69.0769749,58.30510534,91.03390425,86.9671157,58.74943414,50.85095698,85.8116187,55.16961716,30.66534374,25.90735104,fear
17.36,20.11,75.27,24.73,14.08,20.96,70.62,22.34,29.36746988,27.56052142,29.5325779,49.90384615,27.71958098,48.52941176,87.59507083,48.59700972,56.98565783,62.56973249,68.49548553,79.61260465,63.55627809,54.04490151,84.14938811,60.30199795,35.46885369,25.97858192,fear
4.89,4.41,41.22,6.04,0.00,5.81,36.02,4.31,1.054216867,0,0,8.846153846,0,8.725490196,64.94997553,22.64139729,31.5769507,50.67691797,52.60419646,52.37671989,39.58746263,30.99462541,56.94131314,66.61753347,54.67280857,33.32656037,fear
17.60,25.34,69.41,28.02,15.55,28.03,66.11,25.38,29.96987952,44.50651769,30.45325779,47.11538462,30.78162772,48.92156863,81.34164386,60.79772837,49.43297564,62.05057967,18.73425806,77.83014731,72.09915853,33.09038723,84.31420274,47.14719163,67.47356212,54.37309931,fear
22.74,27.82,72.87,33.79,17.02,27.78,68.48,29.19,32.8313253,40.40968343,36.40226629,54.71153846,30.94278807,48.33333333,82.17166035,53.95842107,61.05691503,55.23622829,50.05747244,78.354065,69.49743527,74.03682349,79.2718516,50.08365411,10.14238291,15.92959811,fear
10.02,7.99,53.19,8.24,8.19,19.44,48.82,17.77,20.78313253,25.88454376,30.59490085,29.51923077,27.63900081,33.43137255,69.95866159,56.3462908,57.37228587,74.2280209,26.66361914,76.71418171,57.53164462,42.62964258,79.61469612,50.82855169,37.53018301,32.66002191,fear
5.62,18.18,57.98,12.36,5.67,32.58,57.35,22.34,16.26506024,22.16014898,26.9121813,48.84615385,42.86865431,50,82.98536947,25.68572665,64.84168529,94.80354515,87.49666423,80.50080399,43.16043354,67.03911909,81.45523325,80.68397607,17.0497145,7.744055015,fear
15.65,24.52,75.53,26.37,14.08,23.48,70.14,21.07,33.88554217,36.87150838,40.93484419,49.42307692,37.06688155,47.15686275,88.03041007,67.47510529,69.0237793,67.8760362,44.59592223,89.53160774,76.71401653,53.31671369,91.33360512,48.5344237,36.81740771,33.67976622,fear
22.00,9.37,55.59,14.01,19.75,7.58,50.95,13.71,19.57831325,11.91806331,20.39660057,10.96153846,24.49637389,24.70588235,55.34484955,30.2935891,20.41746101,49.07817947,18.94015578,55.18715055,42.17616933,42.28772351,54.53160516,53.16188129,24.68474686,23.3710097,fear
18.34,18.46,77.93,22.25,16.60,16.67,71.80,15.74,31.62650602,25.1396648,31.51558074,42.59615385,30.8622079,46.8627451,86.29193174,54.68198058,54.52856501,69.7368319,58.95698645,90.03330098,69.49743527,42.79101977,92.60108738,53.45423684,52.14035571,39.95227773,fear
45.5,47.75,142.5,50.75,51.8,66,131,66.2,87.75,108.625,93.94117647,137.9411765,98,135.5,67.74215822,44.00284082,56.49797896,16.32482772,21.33089122,160.7956778,69.52697318,37.48332963,63.77230493,0.974329172,1.807260958,1.854877191,fear
36.25,50.75,127,41.25,41.2,71.6,123.2,64.8,80.5,110.375,84.29411765,146.7647059,92.6875,135.5625,71.30918594,45.06939094,65.90575346,13.53698637,27.17526099,154.5032362,71.44928271,31.25699922,62.9023361,0.998039214,2.281382978,2.28586507,fear
57.25,44.75,150.5,57,53.2,62.2,139.8,71,83.375,112.125,81.76470588,140.7647059,85.0625,136.625,77.00649323,39.90613988,47.31271583,9.848857802,20.50234184,154.1792788,69.97142274,45.22167622,62.55741768,1.100542053,1.702866848,1.5472983,fear
49.25,55.75,130.5,49,52.2,69.6,125,64.6,80.75,106.125,99,136.2352941,114.5625,126.25,61.98386887,36.83069372,59.48872418,9.192388155,24.57394744,140.2658191,60.44005295,47.29693436,53.4686251,1.025542928,1.310526141,1.277885211,fear
46.25,50.25,141.75,39.25,48.6,68,136.2,55.8,100.25,104.75,113,140,105.0625,139.4375,76.65507159,55.03635162,72.12489168,11.42365966,28.01785145,160.1951934,78.81624198,49.09175083,64.32695133,0.972579632,1.561465425,1.605488512,fear
28.12,21.76,71.81,26.10,21.85,27.53,66.11,29.95,42.77108434,28.86405959,43.98016997,29.80769231,24.49637389,44.60784314,72.71778445,64.52730305,36.06158251,37.51675197,25.28736071,80.44720584,56.6224577,51.04339568,78.63839069,54.25513167,27.61475002,24.56536426,disgust
20.05,26.72,56.65,28.57,12.39,28.79,52.61,25.63,30.12048193,29.79515829,32.71954674,43.07692308,24.01289283,47.25490196,69.7716962,52.82953853,56.65404927,39.00813705,50.32149306,79.95834882,57.91361209,49.68618729,78.35957685,50.28214978,26.99462909,26.39993909,disgust
30.07,16.53,62.50,17.31,22.27,21.97,56.87,23.10,36.74698795,40.22346369,36.04815864,42.5,20.78968574,41.76470588,60.7207624,69.86399176,55.88902805,41.1292851,23.76153257,80.42771137,67.94271104,38.29403674,75.87794909,33.71735425,36.03059812,44.26634539,disgust
16.63,22.04,71.28,14.29,9.03,24.24,68.25,18.02,29.06626506,37.80260708,34.49008499,47.5,32.47381144,47.45098039,93.75043252,66.29664837,66.28908191,36.0508902,35.94911174,96.12133637,75.54258185,56.61090856,95.01643908,53.97921449,36.74810407,30.25721513,disgust
21.76,25.90,60.37,4.67,20.80,23.23,58.29,7.87,38.10240964,28.30540037,45.67988669,32.11538462,36.42224013,23.52941176,63.47397124,72.33439698,69.14667392,40.0458675,29.50598591,73.35122665,63.65309358,47.453161,74.79132345,39.50072254,24.6871821,31.6752187,disgust
25.92,22.59,68.35,24.18,21.64,13.64,63.98,12.18,35.9939759,34.45065177,36.26062323,41.44230769,26.02739726,47.15686275,67.8608929,80.78957979,64.42197773,46.47349335,35.55656076,78.38284893,74.03833315,44.33218527,82.32125368,34.88324587,32.96899749,41.04211246,disgust
21.27,23.97,75.80,31.59,18.49,17.68,63.27,21.07,26.95783133,26.44320298,23.86685552,41.63461538,22.88477035,52.84313725,71.35814974,45.68798883,44.31781052,82.55452143,60.83207543,79.29804184,52.94917378,48.15498842,83.9559926,56.88898707,30.41977639,24.83414196,disgust
10.02,23.14,71.81,18.13,9.87,20.20,68.25,12.69,33.13253012,20.11173184,39.02266289,41.92307692,30.29814666,40.78431373,92.01678317,64.14610967,71.80399329,60.90457323,79.18920246,83.69316814,67.60365031,73.11706678,85.31647772,59.97545181,17.17644078,15.60002038,disgust
23.96,20.66,66.49,28.30,18.28,21.46,57.82,24.62,27.25903614,34.82309125,25.35410765,49.61538462,20.87026591,44.41176471,67.60723061,48.66228243,55.54292213,58.70383806,52.3069235,72.62962267,59.46637816,50.52916466,78.91856276,46.84902612,24.10850245,26.5735753,disgust
15.89,21.49,54.79,19.78,8.40,16.41,54.03,14.97,23.04216867,15.27001862,28.3286119,34.32692308,21.59548751,35.19607843,76.47524781,49.83102015,58.76115117,15.16160364,68.33325465,73.01845086,57.73552136,52.56615619,72.48099161,56.51260685,28.64633505,23.98148165,disgust
23.96,21.76,79.79,32.69,16.81,25.76,70.38,32.99,36.59638554,32.77467412,28.96600567,50.96153846,16.59951652,51.56862745,85.05426787,53.43448017,43.05542235,58.90233126,62.52026729,82.54186606,72.09915853,57.50318161,82.39544936,50.12223284,29.02563619,27.76743326,disgust
20.05,25.34,68.09,33.52,14.08,24.49,62.32,30.46,25.90361446,44.32029795,33.35694051,53.36538462,32.47381144,44.21568627,79.7007545,58.82439183,61.37851517,38.58675899,33.69407077,91.92268931,69.00065161,57.56233181,88.61165585,48.49876705,24.92964119,26.12829035,disgust
33.99,28.10,64.36,29.95,24.16,22.47,61.85,22.34,38.40361446,34.82309125,36.82719547,47.5,24.65753425,36.8627451,62.78846449,65.57889224,59.21764777,29.29219478,54.29547152,81.36010063,62.69355711,60.52601663,76.00450615,39.72597313,9.257298338,20.83257987,disgust
20.78,29.48,73.14,31.32,15.34,23.48,68.72,22.59,32.98192771,43.01675978,36.47308782,52.98076923,32.71555197,48.1372549,87.10370525,72.00163162,66.19604144,39.49515331,44.3699994,88.39369041,70.83923813,49.31036254,90.10970702,52.89223549,41.93093385,34.08097857,disgust
27.63,21.21,49.73,15.66,22.69,10.35,42.89,2.54,11.14457831,0.186219739,16.4305949,15,25.06043513,26.76470588,43.02460684,9.215801526,33.34438171,37.15461574,68.59281649,45.10840045,14.62629532,42.01659126,42.17857834,80.2234217,13.73437587,6.254198337,disgust
60.39,25.62,60.11,33.52,53.15,21.46,56.64,25.38,46.08433735,29.23649907,39.37677054,32.21153846,33.52135375,25.29411765,14.77517017,29.84740717,19.33574527,12.99820167,32.16285656,51.71596079,35.19308939,19.4870162,42.67756073,16.20350367,18.26192333,46.80183875,disgust
30.07,23.97,66.49,35.71,22.69,20.71,62.80,26.65,23.04216867,27.74674115,26.69971671,35.48076923,24.65753425,45.78431373,69.17149507,31.20871492,26.57589486,34.84323008,40.61676552,71.36644494,45.45771531,67.01252924,70.95624654,63.45042263,7.738285124,8.819519029,disgust
110,46.5,144.5,55,102.8,55,140.6,65.6,123.625,96.125,116.2941176,120.4117647,103.3125,115.1875,35.51056181,47.21493408,41.39735921,1.5,18.76535127,111.10018,55.03635162,23.32380758,42.36501549,0.645220127,1.522502777,2.359664109,disgust
44.25,44.75,151.75,39,46.6,66.4,142.6,63.8,93.25,107.25,97.94117647,143.8823529,96.8125,142.9375,83.86298349,49.87233702,61.48483511,11.40175425,27.79366635,172.4478182,77.15568676,68.15423685,67.55301675,1.086931981,1.230488189,1.132074693,disgust
37.5,43.75,132.25,38,40,64.4,124.8,57,81.5,101.75,89.52941176,130.5882353,94.5,129.375,73.8241153,44.79397281,57.09648545,11.54339638,20.73594075,153.1747368,69.42621983,46.38965402,63.2063714,1.063346319,1.591391806,1.496588438,disgust
39.5,48.5,141.5,38.5,45.6,76.8,136.6,69.6,91.375,110.125,105,148.7058824,107.8125,140.3125,79.76214641,44.97221364,65.91124629,16.4924225,29.77313296,179.3000279,72.00694411,70.21395873,69.90228568,1.107700756,1.13598703,1.025536025,disgust
70.75,50.5,131,41,75,60.8,128.4,55.2,107.875,95,112.5294118,121.5294118,108.4375,118.0625,46.09772229,48.5412196,54.46789633,7.017834424,18.85163343,129.3261381,55.86591089,28.16025568,48.3809262,0.82514939,1.636978116,1.983856664,disgust
61,42,151.25,59.75,54,62,136.2,74.2,86.75,110.5,81.70588235,147.1764706,81.4375,150.0625,75.16648189,42.57346591,52.59417324,12.81600562,27.59049282,156.7490032,68.79680225,41.23105626,63.72216805,1.092586856,1.823054967,1.668567543,disgust
47.75,55.75,152.5,49.25,47.8,70.6,146.2,67.4,92.625,108.875,97.82352941,145.7058824,101.0625,144.125,84.71717653,46.30604712,59.25977209,7.778174593,28.38599489,174.6381974,73.24616031,66.64833081,70.00693035,1.156609113,1.271107251,1.09899467,disgust
37,40.25,129.25,39,42.4,61.6,121.6,61.8,72.375,103.625,82.64705882,135,97.8125,119.4375,67.47592163,39.96561022,57.57264855,12.09338662,23.03975802,155.5072346,65.21502894,48.83646179,63.1201041,1.034668277,1.381670972,1.335375794,disgust
6.85,22.31,64.89,20.05,2.94,23.74,59.00,18.78,21.53614458,36.4990689,30.02832861,44.61538462,28.20306205,35.39215686,91.50856225,62.46440441,68.66490064,51.29346905,35.92448914,88.12980849,73.14524641,56.43130916,89.115081,54.34598645,35.28172758,29.1540842,contempt
90.46,19.28,86.17,49.18,79.20,20.71,78.67,42.89,83.13253012,34.26443203,56.37393768,41.34615385,20.46736503,43.7254902,8.948990835,52.56935041,0,34.84323008,64.6788007,40.26064124,49.44936459,23.60607029,39.48265379,0,3.334129954,52.17099427,contempt
21.27,19.01,75.00,25.27,12.39,12.88,68.72,18.53,22.89156627,33.14711359,20.11331445,35.09615385,13.85979049,34.70588235,93.72954065,57.85260989,33.10219272,31.0041381,33.23596889,80.07235303,68.59482124,55.08701989,85.06243674,60.41779429,38.81170135,27.83886681,contempt
7.33,34.99,59.57,20.60,13.24,33.59,55.69,19.80,25.75301205,38.73370577,40.86402266,46.34615385,46.0918614,41.17647059,73.31335284,50.25023093,68.45765037,63.87461199,41.35050248,81.15235975,57.60814157,47.3019072,82.32816419,53.78618829,33.30547895,28.27890485,contempt
17.11,8.26,64.63,24.18,9.24,8.84,58.29,24.37,20.78313253,21.7877095,22.02549575,28.26923077,15.31023368,26.96078431,83.37917774,47.90122137,36.31794994,36.642838,34.88694992,81.18632711,66.89915647,38.58055583,82.54958149,53.45741324,57.49824906,43.21627351,contempt
17.11,17.91,62.77,19.23,14.29,14.90,57.58,12.94,30.57228916,27.18808194,34.7733711,36.44230769,23.44883159,35.68627451,73.44666842,66.29664837,66.05173428,44.7507479,40.82789305,78.85665501,70.7022754,41.63520734,79.95058479,41.9509691,42.39380251,42.02355097,contempt
9.05,22.04,64.10,20.05,3.57,27.53,61.37,22.34,28.31325301,25.88454376,37.81869688,35.86538462,28.28364222,45.49019608,93.48907099,56.52220097,58.76760936,49.94000533,42.60163048,84.40167619,72.7413237,55.95047687,88.71000305,56.28938108,37.43984506,29.33002571,contempt
16.14,33.06,55.59,14.56,19.12,42.17,59.00,18.02,41.71686747,29.42271881,57.22379603,41.63461538,51.57131346,54.11764706,68.97077541,58.01131674,73.22147147,87.1854626,49.72110067,72.72159716,56.31345074,52.44037404,83.08295386,51.14704881,22.8079687,23.30078917,contempt
18.83,30.30,64.63,21.98,18.49,39.39,61.37,27.41,36.29518072,26.81564246,47.45042493,48.36538462,41.41821112,63.7254902,72.98552886,42.9345302,61.95316536,63.64330797,65.85274637,84.1578851,50.66504909,41.63520734,84.8789462,61.00163361,41.96687896,29.32967882,contempt
21.76,25.07,81.65,27.75,19.96,27.78,72.04,26.14,40.06024096,27.37430168,40.50991501,50.48076923,36.58340048,64.60784314,84.10755016,55.63245438,56.84383751,69.7368319,69.8087939,91.18215704,59.46637816,52.04601516,93.51849953,61.52778254,35.46584522,25.33968649,contempt
41.81,16.53,92.29,37.09,35.92,21.97,79.62,41.62,42.46987952,32.02979516,31.16147309,49.80769231,18.37228042,49.60784314,75.39409948,31.58196881,13.53673214,47.67218529,63.92019569,82.70624194,54.00752845,48.89974733,85.55853024,59.51588197,32.76155425,24.82660003,contempt
15.65,24.79,54.79,14.84,14.50,23.23,49.76,13.96,29.81927711,28.86405959,38.88101983,37.5,33.52135375,35.19607843,62.31150995,69.67744587,71.50667786,44.24837104,39.17088701,74.60735934,56.36501133,49.29398035,74.44154246,45.00641998,21.30688224,25.84698808,contempt
27.38,12.67,50.27,2.75,23.74,10.35,49.29,0.00,49.39759036,9.683426443,48.93767705,21.34615385,25.06043513,11.56862745,48.18919932,88.22437935,76.98322657,36.0508902,53.59278191,61.96727383,64.52091018,30.25718213,65.96519934,25.74847253,37.74683319,53.17492364,contempt
17.11,25.07,52.39,13.74,15.55,21.72,51.42,9.64,33.58433735,20.29795158,43.83852691,15.86538462,34.32715552,23.82352941,60.58607759,65.78537407,55.38133437,32.32312334,17.00614872,78.07830861,59.46637816,53.68937513,73.7111262,40.6029777,14.68632431,24.0552293,contempt
21.27,28.10,69.95,23.90,17.86,26.77,68.01,23.35,35.09036145,41.7132216,41.07648725,49.13461538,39.80660757,43.1372549,80.8388865,62.44251647,62.72935289,37.51675197,31.11621658,84.64432973,73.10042891,49.68618729,82.95499006,45.90307127,36.16527262,35.01122453,contempt
36.25,49,135,45,41.4,69.2,123.8,62.2,79.625,101,87.94117647,141.1176471,91.875,142.75,71.58910532,40.21504694,62.48790194,16.22498074,30.18793499,144.0225677,62.48199741,41.30375286,59.95800354,1.14575571,1.733234885,1.512743833,contempt
42.75,46.5,148.25,46.5,43.8,74,142.2,72.6,90.625,111.5,98.35294118,146.5882353,101,145.5625,84.71717653,44.16163493,58.88236029,15.20690633,24.73031005,171.9607513,76.69419796,50.21951812,70.36686687,1.104609981,1.686937265,1.52717909,contempt
46.5,44.25,142,57.75,43.6,62.6,127.8,71.4,68.625,111.375,69.88235294,143.2941176,80,139.75,74.00675645,36.21118612,52.65702338,13.20037878,22.45217909,160.1624176,68,42.20189569,65.62595408,1.088334654,1.753635832,1.611302025,contempt
47.25,54.25,150.25,50.25,51,74.8,140.4,68.2,101.375,115.875,107.8235294,152.8823529,104.4375,151.0625,77.87810989,54.64659184,69.60984325,15.26433752,27.37620769,169.0894734,76.69419796,47.67598976,69.59292266,1.015436786,1.633487008,1.608654552,contempt
44,57.5,132.75,39.5,52.2,82.4,131.4,63.4,97.75,106,113.3529412,140.9411765,113.1875,146.3125,69.89277502,45.70831434,65.05085181,18.56071119,26.15696563,153.4055084,65.76473219,50.24937811,65.43858521,1.062769857,1.390918209,1.308767087,contempt
49.25,44.75,151,49.25,45.8,59.2,139.6,63.8,82.125,108.5,82.52941176,136.9411765,83.9375,133.9375,84,45.65084884,49.9009746,7.762087348,22.14367992,160.4407991,73.00684899,51.92301994,66.26947974,1.150576982,1.617779553,1.406059375,contempt
38.5,48,138,49.25,39.2,69.8,127.6,68.8,79,102.625,86,136.6470588,87.6875,138.5,77.23341246,38.33079702,52.82009847,11.41271221,24.96953161,151.4348045,64.44377394,51.15662225,63.27306555,1.198461973,1.509744175,1.259734734,contempt
50.25,53,151.25,52.25,51,72.2,142.6,67.6,95.375,108.125,101.4117647,148.2352941,101.6875,150.5,79.24645102,46.5295605,62.85596211,13.45362405,29.59314659,166.3708208,71.84010022,47.67598976,67.91725688,1.10309494,1.662187852,1.506840248,contempt
56.75,43.25,146.5,58,52.6,64.8,133,75.2,83.5,103,77.88235294,139.6470588,81.75,144.4375,71.02816343,34.73110997,45.40251544,12.20655562,27.92042573,147.7057886,61.22091146,41.23105626,62.37559009,1.160194478,1.722686001,1.484825203,contempt
42.25,63,80.5,60.5,45.8,77.2,81.6,75,63.375,95.75,68.23529412,115.9411765,73.25,114.875,30.59411708,27.89265136,41.27454706,9.823441352,14.05242286,89.43433345,32.55764119,17.08800749,30.56423882,0.939690836,1.79038528,1.905291838,contempt
23.72,15.98,72.34,23.90,16.18,18.69,69.19,23.35,26.65662651,22.34636872,30.38243626,42.11538462,30.94278807,45.19607843,85.13194512,45.75492746,43.00809116,39.70239526,70.68566084,88.25403755,51.678768,64.60149255,86.94171324,71.43677799,20.99616794,12.99809213,anger
17.36,20.39,60.37,21.70,13.24,22.22,56.64,19.54,27.10843373,36.4990689,34.34844193,47.69230769,31.58742949,48.03921569,71.2595865,64.03081652,73.44529629,61.62299492,44.10115456,71.65554057,67.31060349,36.40997655,75.09387556,42.98147321,49.89828644,46.26879823,anger
26.89,19.83,64.10,23.08,22.48,15.91,60.43,15.48,25.75301205,28.67783985,28.61189802,33.75,26.99435939,21.66666667,63.46082624,41.7618577,43.26756782,46.29146349,30.14617756,58.83620642,58.61055669,37.48501334,59.99129925,43.94399723,40.12698122,39.00247853,anger
70.66,19.83,87.77,27.47,74.16,9.60,90.28,18.02,67.31927711,18.80819367,76.34560907,14.71153846,95.56809025,6.764705882,25.30242036,54.86801519,35.54476843,38.58675899,14.62559421,31.16471448,38.32005224,13.51122538,41.05420655,25.10280374,48.56591277,62.62185791,anger
75.31,28.93,75.53,30.49,63.66,26.52,75.36,24.37,79.36746988,35.94040968,58.28611898,35.76923077,20.70910556,23.82352941,26.23273347,76.88017522,20.27681547,0,58.87314399,40.64758658,53.37375351,29.02142067,45.38891475,14.03160534,15.33740424,46.52839673,anger
18.09,12.95,50.27,12.09,15.55,11.87,48.82,10.66,14.75903614,15.82867784,26.48725212,19.61538462,31.18452861,11.96078431,56.52489663,36.17616779,44.24422636,51.84858269,30.53600178,57.62315231,43.56886217,55.20875379,56.39929974,52.77019821,9.884187833,14.50447222,anger
20.05,19.56,72.07,19.51,17.23,16.41,67.30,15.74,36.59638554,37.61638734,41.14730878,41.15384615,32.6349718,22.84313725,80.10423073,81.99397495,67.28732039,34.91967338,30.59683902,88.9535162,79.62473948,50.20603153,89.91161185,40.171585,34.81022104,38.19602106,anger
20.78,17.91,65.69,12.91,21.85,25.51,61.85,22.59,13.10240964,18.24953445,15.65155807,38.65384615,34.00483481,47.45098039,65.19635368,0,27.18396235,79.10389456,72.59135768,62.46199868,20.09480202,56.53612239,65.49748177,100,15.12719899,1.45526564,anger
22.00,19.28,62.23,16.76,14.50,15.40,57.82,12.69,30.42168675,28.11918063,29.67422096,26.25,16.35777599,28.92156863,74.85610575,68.98432598,43.03934816,17.40302732,24.23412603,75.13494513,66.19057455,50.85095698,73.58557469,46.96360977,29.61448464,30.06354515,anger
17.11,23.42,74.73,19.78,9.87,17.93,73.22,14.97,33.73493976,37.61638734,36.1898017,51.44230769,33.52135375,38.52941176,98.25657065,77.1952217,74.62900502,29.64059266,51.75769359,96.31216615,87.48942528,39.35739828,98.37121708,47.56962301,70.19010172,55.76062696,anger
29.83,27.00,45.48,29.40,26.05,30.56,44.79,29.95,21.8373494,16.94599628,28.3286119,17.5,36.09991942,43.1372549,38.64192216,7.232852887,10.38844977,50.95794948,25.43106701,39.38650821,15.79017851,31.65892383,40.61569746,71.61026961,24.70457432,14.88305392,anger
24.69,30.03,69.95,32.14,18.28,20.45,64.45,20.05,32.8313253,28.30540037,35.83569405,43.75,30.45930701,46.96078431,74.72425336,58.41097814,57.84380587,43.22922715,61.21090913,84.1936416,62.40050201,64.6560631,82.28003239,50.33033958,13.72289017,18.05466803,anger
33.50,14.88,53.99,9.07,30.04,9.60,53.08,2.54,37.95180723,11.73184358,44.54674221,13.36538462,39.64544722,7.254901961,43.39015357,60.51661705,53.51305034,33.52285923,35.73227264,46.57322548,43.37944501,41.10502444,48.81696285,39.39760239,15.26691641,25.20021432,anger
25.43,20.39,64.63,23.90,21.43,19.44,61.37,23.60,29.36746988,21.7877095,32.36543909,38.75,32.23207091,42.94117647,66.27954147,40.48011106,47.07779505,45.49569031,64.08111454,70.57194285,46.89015344,56.08599213,71.47202972,58.81401509,16.44548816,15.69119107,anger
22.74,18.73,69.95,20.33,14.92,14.65,67.54,12.44,35.24096386,23.83612663,38.95184136,36.92307692,31.18452861,37.35294118,84.10755016,74.113869,63.68343085,31.75127222,52.92679192,87.72467749,69.52049333,54.2913074,87.46754569,51.64646733,32.40693897,28.97580354,anger
16.38,25.07,69.95,26.92,11.97,28.03,65.88,26.40,23.19277108,39.47858473,28.54107649,52.78846154,28.12248187,51.56862745,83.35670489,47.25904481,59.13201119,57.75298101,49.69121038,87.54241343,64.79680687,73.11706678,87.61657527,55.44447546,11.67947505,14.38086742,anger
23.72,28.93,63.83,25.55,19.75,25.51,65.17,21.32,37.19879518,37.80260708,46.38810198,41.15384615,43.19097502,43.43137255,73.65242708,67.95203433,63.17900223,29.29219478,27.35781064,77.21514833,65.95345973,66.97263037,75.23630231,46.16154011,10.80372915,18.32355822,anger
20.29,14.88,51.06,11.26,18.28,9.60,48.34,6.09,24.69879518,24.58100559,32.22379603,26.53846154,36.01933924,19.90196078,53.06106149,61.60804063,62.84537198,41.72861558,27.52747914,65.28519067,59.12733347,40.53367613,61.28880992,34.19029918,25.13231262,35.87175253,anger
22.25,17.91,63.30,26.10,18.70,20.96,52.84,21.83,23.94578313,17.50465549,21.74220963,36.05769231,19.82272361,49.41176471,62.47071239,29.58456983,38.85719473,58.90233126,63.05826041,71.82686274,40.74828605,33.19429887,76.38013304,62.43723641,47.30746828,31.56885107,anger
13.69,33.06,64.89,30.49,5.88,25.76,62.32,24.11,23.94578313,51.02420857,27.12464589,55.57692308,28.12248187,38.92156863,89.54367824,73.38860584,69.56764499,31.33789027,30.68537489,89.87725102,84.21739877,48.96559487,92.18888904,43.74379263,44.50390162,42.06453226,anger
58.5,55.5,150,55.25,56.8,69.4,141.2,68.2,100.5,108.125,106.4117647,143.2941176,102.1875,141.375,72.44308111,49.24428901,60.70146473,10.29563014,25.70689189,169.6245855,72.9177619,54.5710546,67.85803195,0.99349019,1.327500112,1.336198511,anger
67,44.75,148.75,57,61.2,61,135.8,70,88.75,109.375,87.76470588,137.1176471,85.5625,132.25,66,40.92065493,47.31352031,11.28051417,19.45005137,152.5131142,66.73080248,37.10795063,62.52849176,0.989048499,1.778594584,1.798288543,anger
50.75,35.75,149,47.25,48.6,58.8,137.4,67.2,84.75,110.25,84.29411765,139.2941176,89.1875,130.5625,77.1038261,44.81350243,52.62586659,12.41974235,21.59785008,172.2744903,77.1038261,52.20153254,69.59939425,1,1.477041427,1.477041427,anger
37,45.75,129.25,41.25,37.6,60,121.2,54.8,77.25,104.5,86.29411765,139.1764706,90.8125,131.6875,72.18032973,48.83646179,67.53212743,9.219544457,25.23419715,159.6778006,72.9177619,48.83646179,64.14303721,0.989886796,1.478000803,1.493100835,anger
52,37.5,149.25,44,51.4,63.8,136,65.4,92.25,107.875,93.17647059,141.4117647,86.4375,136.5,74.16872656,49.00255095,57.45773985,12.97112177,25.3892193,166.7708008,72.34638899,57.38466694,65.1287038,1.025189061,1.29248335,1.260726826,anger
